DTXSID,PREFERRED NAME,CASRN,INCHIKEY,IUPAC NAME,SMILES,INCHI STRING,MOLECULAR FORMULA,AVERAGE MASS,MONOISOTOPIC MASS,# of SOURCES,# OF PUBMED ARTICLES,PUBCHEM DATA SOURCES,CPDAT COUNT,QC Level,# ToxCast Active,% ToxCast Active,Total Assays
https://comptox.epa.gov/dashboard/chemical/details/DTXSID5021883,Propargyl alcohol,107-19-7,TVDSBUOJIPERQY-UHFFFAOYSA-N,Prop-2-yn-1-ol,OCC#C,"InChI=1S/C3H4O/c1-2-3-4/h1,4H,3H2",C3H4O,56.064,56.026215,205,232,103,15,1,7/400,2.0,400
https://comptox.epa.gov/dashboard/chemical/details/DTXSID2020216,Butylated hydroxytoluene,128-37-0,NLZUEZXRPGMBCV-UHFFFAOYSA-N,"2,6-Di-tert-butyl-4-methylphenol",CC1=CC(=C(O)C(=C1)C(C)(C)C)C(C)(C)C,"InChI=1S/C15H24O/c1-10-8-11(14(2,3)4)13(16)12(9-10)15(5,6)7/h8-9,16H,1-7H3",C15H24O,220.356,220.182715,401,2059,236,700,1,62/431,14.0,431
https://comptox.epa.gov/dashboard/chemical/details/DTXSID5021380,"1,1,2-Trichloroethane",79-00-5,UBOXGVDOUJQMTN-UHFFFAOYSA-N,"1,1,2-Trichloroethane",ClCC(Cl)Cl,"InChI=1S/C2H3Cl3/c3-1-2(4)5/h2H,1H2",C2H3Cl3,133.4,131.930033,278,45,128,41,1,14/404,3.0,404
https://comptox.epa.gov/dashboard/chemical/details/DTXSID5021207,"(+/-)-1,2-Propylene oxide",75-56-9,GOOHAUXETOMSMM-UHFFFAOYSA-N,2-Methyloxirane,CC1CO1,"InChI=1/C3H6O/c1-3-2-4-3/h3H,2H2,1H3",C3H6O,58.08,58.041865,262,308,160,161,1, ,,
https://comptox.epa.gov/dashboard/chemical/details/DTXSID5021544,2-Chlorophenol,95-57-8,ISPYQTSUDJAMAB-UHFFFAOYSA-N,2-Chlorophenol,OC1=CC=CC=C1Cl,"InChI=1S/C6H5ClO/c7-5-3-1-2-4-6(5)8/h1-4,8H",C6H5ClO,128.56,128.002893,251,3214,164,31,1,4/864,0.0,864
https://comptox.epa.gov/dashboard/chemical/details/DTXSID2021446,Xylenes,1330-20-7,,,,,,, ,369,3561,,21788,1,4/235,2.0,235
https://comptox.epa.gov/dashboard/chemical/details/DTXSID6020438,"1,2-Dichloroethane",107-06-2,WSLDOOZREJYCGB-UHFFFAOYSA-N,"1,2-Dichloroethane",ClCCCl,InChI=1S/C2H4Cl2/c3-1-2-4/h1-2H2,C2H4Cl2,98.95,97.969005,334,414,503,195,1,5/400,1.0,400
https://comptox.epa.gov/dashboard/chemical/details/DTXSID9020877,1-Methylnaphthalene,90-12-0,QPUYECUOLPXSFR-UHFFFAOYSA-N,1-Methylnaphthalene,CC1=C2C=CC=CC2=CC=C1,"InChI=1S/C11H10/c1-9-5-4-7-10-6-2-3-8-11(9)10/h2-8H,1H3",C11H10,142.201,142.078250,254,39,177,9,1,6/849,1.0,849
https://comptox.epa.gov/dashboard/chemical/details/DTXSID6047650,4-Heptanone,123-19-3,HCFAJYNVAYBARA-UHFFFAOYSA-N,Heptan-4-one,CCCC(=O)CCC,"InChI=1S/C7H14O/c1-3-5-7(8)6-4-2/h3-6H2,1-2H3",C7H14O,114.188,114.104465,149,26,106,2,1, ,,
https://comptox.epa.gov/dashboard/chemical/details/DTXSID1020647,Furfural,98-01-1,HYBBIBNJHNGZAN-UHFFFAOYSA-N,Furan-2-carbaldehyde,O=CC1=CC=CO1,InChI=1S/C5H4O2/c6-4-5-2-1-3-7-5/h1-4H,C5H4O2,96.085,96.021129,284,1432,165,66,1,21/882,2.0,882
https://comptox.epa.gov/dashboard/chemical/details/DTXSID6026797,"1,3,5-Trimethylbenzene",108-67-8,AUHZEENZYGFFBQ-UHFFFAOYSA-N,"1,3,5-Trimethylbenzene",CC1=CC(C)=CC(C)=C1,"InChI=1S/C9H12/c1-7-4-8(2)6-9(3)5-7/h4-6H,1-3H3",C9H12,120.195,120.093900,298,53,170,335,1,9/875,1.0,875
https://comptox.epa.gov/dashboard/chemical/details/DTXSID7021360,1-Methylbenzene,108-88-3,YXFVVABEGXRONW-UHFFFAOYSA-N,Toluene,CC1=CC=CC=C1,"InChI=1S/C7H8/c1-7-5-3-2-4-6-7/h2-6H,1H3",C7H8,92.141,92.062600,489,7662,921,20905,1,0/247,0.0,247
https://comptox.epa.gov/dashboard/chemical/details/DTXSID9047621,Butyl 3-methylbutanoate,109-19-3,AYWJSCLAAPJZEF-UHFFFAOYSA-N,Butyl 3-methylbutanoate,CCCCOC(=O)CC(C)C,"InChI=1S/C9H18O2/c1-4-5-6-11-9(10)7-8(2)3/h8H,4-7H2,1-3H3",C9H18O2,158.241,158.130680,92,,82,,1, ,,
https://comptox.epa.gov/dashboard/chemical/details/DTXSID0029262,"2,6-Di-tert-butyl-4-ethylphenol",4130-42-1,BVUXDWXKPROUDO-UHFFFAOYSA-N,"2,6-Di-tert-butyl-4-ethylphenol",CCC1=CC(=C(O)C(=C1)C(C)(C)C)C(C)(C)C,"InChI=1S/C16H26O/c1-8-11-9-12(15(2,3)4)14(17)13(10-11)16(5,6)7/h9-10,17H,8H2,1-7H3",C16H26O,234.383,234.198365,129,,91,2,1,72/458,16.0,458
https://comptox.epa.gov/dashboard/chemical/details/DTXSID0047668,Allyl propionate,2408-20-0,XRFWKHVQMACVTA-UHFFFAOYSA-N,Prop-2-en-1-yl propanoate,CCC(=O)OCC=C,"InChI=1S/C6H10O2/c1-3-5-8-6(7)4-2/h3H,1,4-5H2,2H3",C6H10O2,114.144,114.068080,76,,58,,1, ,,
https://comptox.epa.gov/dashboard/chemical/details/DTXSID9021635,2-Methylpropanal,78-84-2,AMIMRNSIRUDHCM-UHFFFAOYSA-N,2-Methylpropanal,CC(C)C=O,"InChI=1S/C4H8O/c1-4(2)3-5/h3-4H,1-2H3",C4H8O,72.107,72.057515,211,60,150,2,1,14/405,3.0,405
https://comptox.epa.gov/dashboard/chemical/details/DTXSID5026122,"N,N,N',N'-Tetramethylethylenediamine",110-18-9,KWYHDKDOAIKMQN-UHFFFAOYSA-N,"N~1~,N~1~,N~2~,N~2~-Tetramethylethane-1,2-diamine",CN(C)CCN(C)C,"InChI=1S/C6H16N2/c1-7(2)5-6-8(3)4/h5-6H2,1-4H3",C6H16N2,116.208,116.131349,140,96,180,9,1,5/402,1.0,402
https://comptox.epa.gov/dashboard/chemical/details/DTXSID4021557,Dibromomethane,74-95-3,FJBFPHVGVWTDIP-UHFFFAOYSA-N,Dibromomethane,BrCBr,InChI=1S/CH2Br2/c2-1-3/h1H2,CH2Br2,173.835,171.852326,214,47,121,20,1,4/402,1.0,402
https://comptox.epa.gov/dashboard/chemical/details/DTXSID8021438,"1,1-Dichloroethylene",75-35-4,LGXVIGDEPROXKC-UHFFFAOYSA-N,"1,1-Dichloroethene",ClC(Cl)=C,InChI=1S/C2H2Cl2/c1-2(3)4/h1H2,C2H2Cl2,96.94,95.953356,288,144,116,71,1,1/401,0.0,401
https://comptox.epa.gov/dashboard/chemical/details/DTXSID5021881,Ethylenediamine,107-15-3,PIICEJLVQHRZGT-UHFFFAOYSA-N,"Ethane-1,2-diamine",NCCN,InChI=1S/C2H8N2/c3-1-2-4/h1-4H2,C2H8N2,60.1,60.068748,278,745,272,218,1,9/398,2.0,398
https://comptox.epa.gov/dashboard/chemical/details/DTXSID4027232,"N,N-Dimethylethylamine",598-56-1,DAZXVJBJRMWXJP-UHFFFAOYSA-N,"N,N-Dimethylethanamine",CCN(C)C,"InChI=1S/C4H11N/c1-4-5(2)3/h4H2,1-3H3",C4H11N,73.139,73.089149,111,22,102,,1, ,,
https://comptox.epa.gov/dashboard/chemical/details/DTXSID0020868,Dichloromethane,75-09-2,YMWUJEATGCHHMB-UHFFFAOYSA-N,Dichloromethane,ClCCl,InChI=1S/CH2Cl2/c2-1-3/h1H2,CH2Cl2,84.93,83.953356,385,1755,390,3207,1,1/235,0.0,235
https://comptox.epa.gov/dashboard/chemical/details/DTXSID8041379,"2,6-Di-tert-butyl-4-methoxyphenol",489-01-0,SLUKQUGVTITNSY-UHFFFAOYSA-N,"2,6-Di-tert-butyl-4-methoxyphenol",COC1=CC(=C(O)C(=C1)C(C)(C)C)C(C)(C)C,"InChI=1S/C15H24O2/c1-14(2,3)11-8-10(17-7)9-12(13(11)16)15(4,5)6/h8-9,16H,1-7H3",C15H24O2,236.355,236.177630,82,2,92,,1,45/435,10.0,435
https://comptox.epa.gov/dashboard/chemical/details/DTXSID1020306,Chloroform,67-66-3,HEDRZPFGACZZDS-UHFFFAOYSA-N,Trichloromethane,ClC(Cl)Cl,InChI=1S/CHCl3/c2-1(3)4/h1H,CHCl3,119.37,117.914383,352,6098,356,292,1,13/235,6.0,235
https://comptox.epa.gov/dashboard/chemical/details/DTXSID1047572,(3Z)-Hex-3-en-1-yl formate,33467-73-1,XJHQVZQZUGLZLS-ARJAWSKDSA-N,(3Z)-Hex-3-en-1-yl formate,CC\C=C/CCOC=O,"InChI=1S/C7H12O2/c1-2-3-4-5-6-9-7-8/h3-4,7H,2,5-6H2,1H3/b4-3-",C7H12O2,128.171,128.083730,74,,40,8,1, ,,
https://comptox.epa.gov/dashboard/chemical/details/DTXSID6020515,"N,N-Dimethylformamide",68-12-2,ZMXDDKWLCZADIW-UHFFFAOYSA-N,"N,N-Dimethylformamide",CN(C)C=O,"InChI=1S/C3H7NO/c1-4(2)3-5/h3H,1-2H3",C3H7NO,73.095,73.052764,293,1702,810,311,1,10/885,1.0,885
https://comptox.epa.gov/dashboard/chemical/details/DTXSID4021923,Cyclohexane,110-82-7,XDTMQSROBMDMFD-UHFFFAOYSA-N,Cyclohexane,C1CCCCC1,InChI=1S/C6H12/c1-2-4-6-5-3-1/h1-6H2,C6H12,84.162,84.093900,346,608,527,852,1,3/403,1.0,403
https://comptox.epa.gov/dashboard/chemical/details/DTXSID2047438,3-Heptanone,106-35-4,NGAZZOYFWWSOGK-UHFFFAOYSA-N,Heptan-3-one,CCCCC(=O)CC,"InChI=1S/C7H14O/c1-3-5-6-7(8)4-2/h3-6H2,1-2H3",C7H14O,114.188,114.104465,147,2,105,5,1, ,,
https://comptox.epa.gov/dashboard/chemical/details/DTXSID3047396,"1,4-Cineole",470-67-7,RFFOTVCVTJUTAD-AOOOYVTPSA-N,"(1s,4s)-1-Methyl-4-(propan-2-yl)-7-oxabicyclo[2.2.1]heptane",CC(C)[C@]12CC[C@](C)(CC1)O2,"InChI=1/C10H18O/c1-8(2)10-6-4-9(3,11-10)5-7-10/h8H,4-7H2,1-3H3/t9-,10+",C10H18O,154.253,154.135765,125,11,66,6,2, ,,
https://comptox.epa.gov/dashboard/chemical/details/DTXSID0047612,Butan-2-yl acetate,105-46-4,DCKVNWZUADLDEH-UHFFFAOYSA-N,Butan-2-yl acetate,CCC(C)OC(C)=O,"InChI=1S/C6H12O2/c1-4-5(2)8-6(3)7/h5H,4H2,1-3H3",C6H12O2,116.16,116.083730,128,,83,17,1, ,,
https://comptox.epa.gov/dashboard/chemical/details/DTXSID9020584,Ethanol,64-17-5,LFQSCWFLJHTTHZ-UHFFFAOYSA-N,Ethanol,CCO,"InChI=1S/C2H6O/c1-2-3/h3H,2H2,1H3",C2H6O,46.069,46.041865,476,79207,1912,7132,1,0/235,0.0,235
https://comptox.epa.gov/dashboard/chemical/details/DTXSID5039224,Acetaldehyde,75-07-0,IKHGUXGNUITLKF-UHFFFAOYSA-N,Acetaldehyde,CC=O,"InChI=1S/C2H4O/c1-2-3/h2H,1H3",C2H4O,44.053,44.026215,332,5568,445,205,1,145/400,36.0,400
https://comptox.epa.gov/dashboard/chemical/details/DTXSID8047688,Ethyl tiglate,5837-78-5,OAPHLAAOJMTMLY-GQCTYLIASA-N,Ethyl (2E)-2-methylbut-2-enoate,CCOC(=O)C(\C)=C\C,"InChI=1S/C7H12O2/c1-4-6(3)7(8)9-5-2/h4H,5H2,1-3H3/b6-4+",C7H12O2,128.171,128.083730,81,,78,,1, ,,
https://comptox.epa.gov/dashboard/chemical/details/DTXSID2020977,Nitromethane,75-52-5,LYGJENNIWJXYER-UHFFFAOYSA-N,Nitromethane,C[N+]([O-])=O,InChI=1S/CH3NO2/c1-2(3)4/h1H3,CH3NO2,61.04,61.016378,230,178,141,235,1,4/400,1.0,400
https://comptox.epa.gov/dashboard/chemical/details/DTXSID0025286,Ethylene glycol dimethyl ether,110-71-4,XTHFKEDIFFGKHM-UHFFFAOYSA-N,"1,2-Dimethoxyethane",COCCOC,"InChI=1S/C4H10O2/c1-5-3-4-6-2/h3-4H2,1-2H3",C4H10O2,90.122,90.068080,242,32,463,121,1,6/235,3.0,235
https://comptox.epa.gov/dashboard/chemical/details/DTXSID5025285,Ethylene glycol diethyl ether,629-14-1,LZDKZFUFMNSQCJ-UHFFFAOYSA-N,"1,2-Diethoxyethane",CCOCCOCC,"InChI=1S/C6H14O2/c1-3-7-5-6-8-4-2/h3-6H2,1-2H3",C6H14O2,118.176,118.099380,154,8,116,1,1,1/404,0.0,404
https://comptox.epa.gov/dashboard/chemical/details/DTXSID3047550,Isopropyl 2-methylbutyrate,66576-71-4,DIRDKDDFAMNBNY-UHFFFAOYSA-N,Propan-2-yl 2-methylbutanoate,CCC(C)C(=O)OC(C)C,"InChI=1/C8H16O2/c1-5-7(4)8(9)10-6(2)3/h6-7H,5H2,1-4H3",C8H16O2,144.214,144.115030,71,,53,1,1, ,,
https://comptox.epa.gov/dashboard/chemical/details/DTXSID6021583,"2,3-Butanedione",431-03-8,QSJXEFYPDANLFS-UHFFFAOYSA-N,"Butane-2,3-dione",CC(=O)C(C)=O,InChI=1S/C4H6O2/c1-3(5)4(2)6/h1-2H3,C4H6O2,86.09,86.036779,212,1208,147,4,1,9/400,2.0,400
https://comptox.epa.gov/dashboard/chemical/details/DTXSID5027223,Butyl propionate,590-01-2,BTMVHUNTONAYDX-UHFFFAOYSA-N,Butyl propanoate,CCCCOC(=O)CC,"InChI=1S/C7H14O2/c1-3-5-6-9-7(8)4-2/h3-6H2,1-2H3",C7H14O2,130.187,130.099380,157,2,99,19,1,5/235,2.0,235
https://comptox.epa.gov/dashboard/chemical/details/DTXSID2021311,"2,4,6-Tris(tert-butyl)phenol",732-26-3,PFEFOYRSMXVNEL-UHFFFAOYSA-N,"2,4,6-Tri-tert-butylphenol",CC(C)(C)C1=CC(=C(O)C(=C1)C(C)(C)C)C(C)(C)C,"InChI=1S/C18H30O/c1-16(2,3)12-10-13(17(4,5)6)15(19)14(11-12)18(7,8)9/h10-11,19H,1-9H3",C18H30O,262.437,262.229666,194,11,109,2,1,135/903,15.0,903
https://comptox.epa.gov/dashboard/chemical/details/DTXSID4047676,2-Methoxypyrazine,3149-28-8,WKSXRWSOSLGSTN-UHFFFAOYSA-N,2-Methoxypyrazine,COC1=NC=CN=C1,"InChI=1S/C5H6N2O/c1-8-5-4-6-2-3-7-5/h2-4H,1H3",C5H6N2O,110.116,110.048013,74,,120,,1, ,,
https://comptox.epa.gov/dashboard/chemical/details/DTXSID4020298,Chlorobenzene,108-90-7,MVPPADPHJFYWMZ-UHFFFAOYSA-N,Chlorobenzene,ClC1=CC=CC=C1,InChI=1S/C6H5Cl/c7-6-4-2-1-3-5-6/h1-5H,C6H5Cl,112.56,112.007978,341,364,312,167,1,2/235,1.0,235
https://comptox.epa.gov/dashboard/chemical/details/DTXSID8023977,2-Chlorotoluene,95-49-8,IBSQPLPBRSHTTG-UHFFFAOYSA-N,1-Chloro-2-methylbenzene,CC1=C(Cl)C=CC=C1,"InChI=1S/C7H7Cl/c1-6-4-2-3-5-7(6)8/h2-5H,1H3",C7H7Cl,126.58,126.023628,234,12,131,70,1,7/854,1.0,854
https://comptox.epa.gov/dashboard/chemical/details/DTXSID8021482,Acetone,67-64-1,CSCPPACGZOOCGX-UHFFFAOYSA-N,Propan-2-one,CC(C)=O,InChI=1S/C3H6O/c1-3(2)4/h1-2H3,C3H6O,58.08,58.041865,434,7176,830,10414,1,1/235,0.0,235
https://comptox.epa.gov/dashboard/chemical/details/DTXSID0047583,Nonafluoro-1-iodobutane,423-39-2,PGRFXXCKHGIFSV-UHFFFAOYSA-N,"1,1,1,2,2,3,3,4,4-Nonafluoro-4-iodobutane",FC(F)(F)C(F)(F)C(F)(F)C(F)(F)I,"InChI=1S/C4F9I/c5-1(6,3(9,10)11)2(7,8)4(12,13)14",C4F9I,345.934,345.890100,94,2,88,1,1,0/162,0.0,162
https://comptox.epa.gov/dashboard/chemical/details/DTXSID7047722,Ethyl oxyhydrate,8030-89-5,,,,,,, ,49,,,,2, ,,
https://comptox.epa.gov/dashboard/chemical/details/DTXSID0047666,Allyl butyrate,2051-78-7,RMZIOVJHUJAAEY-UHFFFAOYSA-N,Prop-2-en-1-yl butanoate,CCCC(=O)OCC=C,"InChI=1S/C7H12O2/c1-3-5-7(8)9-6-4-2/h4H,2-3,5-6H2,1H3",C7H12O2,128.171,128.083730,90,,64,,1, ,,
https://comptox.epa.gov/dashboard/chemical/details/DTXSID5047619,"2,6-Dimethylpyrazine",108-50-9,HJFZAYHYIWGLNL-UHFFFAOYSA-N,"2,6-Dimethylpyrazine",CC1=CN=CC(C)=N1,"InChI=1S/C6H8N2/c1-5-3-7-4-6(2)8-5/h3-4H,1-2H3",C6H8N2,108.144,108.068748,110,35,124,2,1, ,,
https://comptox.epa.gov/dashboard/chemical/details/DTXSID6047652,"2,5-Dimethylpyrazine",123-32-0,LCZUOKDVTBMCMX-UHFFFAOYSA-N,"2,5-Dimethylpyrazine",CC1=CN=C(C)C=N1,"InChI=1S/C6H8N2/c1-5-3-8-6(2)4-7-5/h3-4H,1-2H3",C6H8N2,108.144,108.068748,125,35,144,2,1, ,,
https://comptox.epa.gov/dashboard/chemical/details/DTXSID7047728,Ethyl isobutyrate,97-62-1,WDAXFOBOLVPGLV-UHFFFAOYSA-N,Ethyl 2-methylpropanoate,CCOC(=O)C(C)C,"InChI=1S/C6H12O2/c1-4-8-6(7)5(2)3/h5H,4H2,1-3H3",C6H12O2,116.16,116.083730,121,4,114,7,1, ,,
https://comptox.epa.gov/dashboard/chemical/details/DTXSID9021924,Pyridine,110-86-1,JUJWROOIHBZHMG-UHFFFAOYSA-N,Pyridine,C1=CC=NC=C1,InChI=1S/C5H5N/c1-2-4-6-5-3-1/h1-5H,C5H5N,79.102,79.042199,315,2327,748,70,1,1/235,0.0,235
https://comptox.epa.gov/dashboard/chemical/details/DTXSID5047613,3-Methylbutyl propanoate,105-68-0,XAOGXQMKWQFZEM-UHFFFAOYSA-N,3-Methylbutyl propanoate,CCC(=O)OCCC(C)C,"InChI=1S/C8H16O2/c1-4-8(9)10-6-5-7(2)3/h7H,4-6H2,1-3H3",C8H16O2,144.214,144.115030,95,,71,,1, ,,
https://comptox.epa.gov/dashboard/chemical/details/DTXSID2042357,"Pyridine, 3,5-dichloro-2,4,6-trifluoro-",1737-93-5,PKSORSNCSXBXOT-UHFFFAOYSA-N,"3,5-Dichloro-2,4,6-trifluoropyridine",FC1=NC(F)=C(Cl)C(F)=C1Cl,InChI=1S/C5Cl2F3N/c6-1-3(8)2(7)5(10)11-4(1)9,C5Cl2F3N,201.96,200.935989,65,4,125,,1, ,,
https://comptox.epa.gov/dashboard/chemical/details/DTXSID7020762,Isopropanol,67-63-0,KFZMGEQAYNKOFK-UHFFFAOYSA-N,Propan-2-ol,CC(C)O,"InChI=1S/C3H8O/c1-3(2)4/h3-4H,1-2H3",C3H8O,60.096,60.057515,485,1350,1648,11382,1,38/235,16.0,235
https://comptox.epa.gov/dashboard/chemical/details/DTXSID0021381,"1,1,1-Trichloroethane",71-55-6,UOCLXMDMGBRAIB-UHFFFAOYSA-N,"1,1,1-Trichloroethane",CC(Cl)(Cl)Cl,"InChI=1S/C2H3Cl3/c1-2(3,4)5/h1H3",C2H3Cl3,133.4,131.930033,319,385,112,3053,1,1/235,0.0,235
https://comptox.epa.gov/dashboard/chemical/details/DTXSID6024127,Heptane,142-82-5,IMNFDUFMRHMDMM-UHFFFAOYSA-N,Heptane,CCCCCCC,"InChI=1S/C7H16/c1-3-5-7-6-4-2/h3-7H2,1-2H3",C7H16,100.205,100.125201,319,146,763,1504,1,4/235,2.0,235
https://comptox.epa.gov/dashboard/chemical/details/DTXSID6026612,Isobutyl isobutyrate,97-85-8,RXGUIWHIADMCFC-UHFFFAOYSA-N,2-Methylpropyl 2-methylpropanoate,CC(C)COC(=O)C(C)C,"InChI=1S/C8H16O2/c1-6(2)5-10-8(9)7(3)4/h6-7H,5H2,1-4H3",C8H16O2,144.214,144.115030,184,,97,190,1,2/235,1.0,235
https://comptox.epa.gov/dashboard/chemical/details/DTXSID3021437,4-Vinylcyclohexene,100-40-3,BBDKZWKEPDTENS-UHFFFAOYSA-N,4-Ethenylcyclohex-1-ene,C=CC1CCC=CC1,"InChI=1S/C8H12/c1-2-8-6-4-3-5-7-8/h2-4,8H,1,5-7H2",C8H12,108.184,108.093900,187,45,91,15,1,1/235,0.0,235
https://comptox.epa.gov/dashboard/chemical/details/DTXSID2020761,Isoprene,78-79-5,RRHGJUQNOFWUDK-UHFFFAOYSA-N,"2-Methylbuta-1,3-diene",CC(=C)C=C,"InChI=1S/C5H8/c1-4-5(2)3/h4H,1-2H2,3H3",C5H8,68.119,68.062600,220,716,129,12,1,0/235,0.0,235
https://comptox.epa.gov/dashboard/chemical/details/DTXSID7020009,Acetonitrile,75-05-8,WEVYAHXRMPXWCK-UHFFFAOYSA-N,Acetonitrile,CC#N,InChI=1S/C2H3N/c1-2-3/h1H3,C2H3N,41.053,41.026549,261,3174,1110,351,1,0/235,0.0,235
https://comptox.epa.gov/dashboard/chemical/details/DTXSID8020204,tert-Butyl alcohol,75-65-0,DKGAVHZHDRPRBM-UHFFFAOYSA-N,2-Methylpropan-2-ol,CC(C)(C)O,"InChI=1S/C4H10O/c1-4(2,3)5/h5H,1-3H3",C4H10O,74.123,74.073165,332,431,428,412,1, ,,
https://comptox.epa.gov/dashboard/chemical/details/DTXSID3024366,Triethylamine,121-44-8,ZMANZCXQSJIPKH-UHFFFAOYSA-N,"N,N-Diethylethanamine",CCN(CC)CC,"InChI=1S/C6H15N/c1-4-7(5-2)6-3/h4-6H2,1-3H3",C6H15N,101.193,101.120449,290,368,819,244,1,15/405,4.0,405
https://comptox.epa.gov/dashboard/chemical/details/DTXSID4021761,"1,2-Diaminopropane",78-90-0,AOHJOMMDDJHIJH-UHFFFAOYSA-N,"Propane-1,2-diamine",CC(N)CN,"InChI=1S/C3H10N2/c1-3(5)2-4/h3H,2,4-5H2,1H3",C3H10N2,74.127,74.084398,141,14,124,1,1,0/235,0.0,235
https://comptox.epa.gov/dashboard/chemical/details/DTXSID7021601,"1,1,1,3,3,3-Hexachloro-2-propanone",116-16-5,DOJXGHGHTWFZHK-UHFFFAOYSA-N,Hexachloropropan-2-one,ClC(Cl)(Cl)C(=O)C(Cl)(Cl)Cl,"InChI=1S/C3Cl6O/c4-2(5,6)1(10)3(7,8)9",C3Cl6O,264.73,261.808031,143,6,76,,1,3/235,1.0,235
https://comptox.epa.gov/dashboard/chemical/details/DTXSID6020981,2-Nitropropane,79-46-9,FGLBSLMDCBOPQK-UHFFFAOYSA-N,2-Nitropropane,CC(C)[N+]([O-])=O,"InChI=1S/C3H7NO2/c1-3(2)4(5)6/h3H,1-2H3",C3H7NO2,89.094,89.047678,232,113,114,29,1,2/405,0.0,405
https://comptox.epa.gov/dashboard/chemical/details/DTXSID6022004,"1,3-Dichloropropane",142-28-9,YHRUOJUYPBUZOS-UHFFFAOYSA-N,"1,3-Dichloropropane",ClCCCCl,InChI=1S/C3H6Cl2/c4-2-1-3-5/h1-3H2,C3H6Cl2,112.98,111.984656,179,13,113,11,1,5/408,1.0,408
https://comptox.epa.gov/dashboard/chemical/details/DTXSID5024637,Bromobenzene,108-86-1,QARVLSVVCXYDNA-UHFFFAOYSA-N,Bromobenzene,BrC1=CC=CC=C1,InChI=1S/C6H5Br/c7-6-4-2-1-3-5-6/h1-5H,C6H5Br,157.01,155.957463,213,286,185,16,1,0/235,0.0,235
https://comptox.epa.gov/dashboard/chemical/details/DTXSID0021917,n-Hexane,110-54-3,VLKZOEOYAKHREP-UHFFFAOYSA-N,Hexane,CCCCCC,"InChI=1S/C6H14/c1-3-5-6-4-2/h3-6H2,1-2H3",C6H14,86.178,86.109550,385,1005,1275,3022,1,0/235,0.0,235
https://comptox.epa.gov/dashboard/chemical/details/DTXSID4039231,Allyl chloride,107-05-1,OSDWBNJEKMUWAV-UHFFFAOYSA-N,3-Chloroprop-1-ene,ClCC=C,"InChI=1S/C3H5Cl/c1-2-3-4/h2H,1,3H2",C3H5Cl,76.52,76.007978,229,59,108,4,1,6/403,1.0,403
https://comptox.epa.gov/dashboard/chemical/details/DTXSID2021868,p-Xylene,106-42-3,URLKBWYHVLBVBO-UHFFFAOYSA-N,"1,4-Xylene",CC1=CC=C(C)C=C1,"InChI=1S/C8H10/c1-7-3-5-8(2)6-4-7/h3-6H,1-2H3",C8H10,106.168,106.078250,284,183,196,253,1,0/235,0.0,235
https://comptox.epa.gov/dashboard/chemical/details/DTXSID7022093,"2,5-Dimethylfuran",625-86-5,GSNUFIFRDBKVIE-UHFFFAOYSA-N,"2,5-Dimethylfuran",CC1=CC=C(C)O1,"InChI=1S/C6H8O/c1-5-3-4-6(2)7-5/h3-4H,1-2H3",C6H8O,96.129,96.057515,138,53,119,1,1,2/404,0.0,404
https://comptox.epa.gov/dashboard/chemical/details/DTXSID1047445,3-Mercapto-2-pentanone,67633-97-0,SZECUQRKLXRGSJ-UHFFFAOYSA-N,3-Sulfanylpentan-2-one,CCC(S)C(C)=O,"InChI=1/C5H10OS/c1-3-5(7)4(2)6/h5,7H,3H2,1-2H3",C5H10OS,118.19,118.045236,60,,70,,1, ,,
https://comptox.epa.gov/dashboard/chemical/details/DTXSID2021496,Bromoacetonitrile,590-17-0,REXUYBKPWIPONM-UHFFFAOYSA-N,Bromoacetonitrile,BrCC#N,InChI=1S/C2H2BrN/c3-1-2-4/h1H2,C2H2BrN,119.949,118.937062,79,,136,,1,0/235,0.0,235
https://comptox.epa.gov/dashboard/chemical/details/DTXSID4020533,"1,4-Dioxane",123-91-1,RYHBNJHYFVUHQT-UHFFFAOYSA-N,"1,4-Dioxane",C1COCCO1,InChI=1S/C4H8O2/c1-2-6-4-3-5-1/h1-4H2,C4H8O2,88.106,88.052429,337,540,898,424,1,2/235,1.0,235
https://comptox.epa.gov/dashboard/chemical/details/DTXSID6020569,"1,2-Epoxybutane",106-88-7,RBACIKXCRWGCBB-UHFFFAOYSA-N,2-Ethyloxirane,CCC1CO1,"InChI=1S/C4H8O/c1-2-4-3-5-4/h4H,2-3H2,1H3",C4H8O,72.107,72.057515,208,26,109,255,1,8/409,2.0,409
https://comptox.epa.gov/dashboard/chemical/details/DTXSID1020300,Chlorodibromomethane,124-48-1,GATVIKZLVQHOMN-UHFFFAOYSA-N,Dibromo(chloro)methane,ClC(Br)Br,InChI=1S/CHBr2Cl/c2-1(3)4/h1H,CHBr2Cl,208.28,205.813354,220,69,94,40,1,5/235,2.0,235
https://comptox.epa.gov/dashboard/chemical/details/DTXSID7047566,Perfluoro-1-iodohexane,355-43-1,BULLJMKUVKYZDJ-UHFFFAOYSA-N,"1,1,1,2,2,3,3,4,4,5,5,6,6-Tridecafluoro-6-iodohexane",FC(F)(F)C(F)(F)C(F)(F)C(F)(F)C(F)(F)C(F)(F)I,"InChI=1S/C6F13I/c7-1(8,3(11,12)5(15,16)17)2(9,10)4(13,14)6(18,19)20",C6F13I,445.95,445.883710,97,,99,,1,29/505,6.0,505
https://comptox.epa.gov/dashboard/chemical/details/DTXSID3047421,2-tert-Butylpyrazine,32741-11-0,YNQZVOWNJKASKQ-UHFFFAOYSA-N,2-tert-Butylpyrazine,CC(C)(C)C1=NC=CN=C1,"InChI=1S/C8H12N2/c1-8(2,3)7-6-9-4-5-10-7/h4-6H,1-3H3",C8H12N2,136.198,136.100048,48,,57,,1, ,,
https://comptox.epa.gov/dashboard/chemical/details/DTXSID2020844,Methyl methacrylate,80-62-6,VVQNEPGJFQJSBK-UHFFFAOYSA-N,Methyl 2-methylprop-2-enoate,COC(=O)C(C)=C,"InChI=1S/C5H8O2/c1-4(2)5(6)7-3/h1H2,2-3H3",C5H8O2,100.117,100.052429,342,1727,157,491,1,1/235,0.0,235
https://comptox.epa.gov/dashboard/chemical/details/DTXSID6047575,"3,3,4,4,5,5,6,6,6-Nonafluorohexene",19430-93-4,GVEUEBXMTMZVSD-UHFFFAOYSA-N,"3,3,4,4,5,5,6,6,6-Nonafluorohex-1-ene",FC(F)(F)C(F)(F)C(F)(F)C(F)(F)C=C,"InChI=1S/C6H3F9/c1-2-3(7,8)4(9,10)5(11,12)6(13,14)15/h2H,1H2",C6H3F9,246.076,246.009104,116,3,77,,1,0/198,0.0,198
https://comptox.epa.gov/dashboard/chemical/details/DTXSID8047557,Isobutyl butyrate,539-90-2,RGFNRWTWDWVHDD-UHFFFAOYSA-N,2-Methylpropyl butanoate,CCCC(=O)OCC(C)C,"InChI=1S/C8H16O2/c1-4-5-8(9)10-6-7(2)3/h7H,4-6H2,1-3H3",C8H16O2,144.214,144.115030,86,,84,10,1, ,,
https://comptox.epa.gov/dashboard/chemical/details/DTXSID2047698,Pentyl formate,638-49-3,DIQMPQMYFZXDAX-UHFFFAOYSA-N,Pentyl formate,CCCCCOC=O,"InChI=1S/C6H12O2/c1-2-3-4-5-8-6-7/h6H,2-5H2,1H3",C6H12O2,116.16,116.083730,92,,69,,1, ,,
https://comptox.epa.gov/dashboard/chemical/details/DTXSID6025012,"2,3-Dichloro-1-propene",78-88-6,FALCMQXTWHPRIH-UHFFFAOYSA-N,"2,3-Dichloroprop-1-ene",ClCC(Cl)=C,InChI=1S/C3H4Cl2/c1-3(5)2-4/h1-2H2,C3H4Cl2,110.97,109.969005,155,9,97,1,1,6/401,1.0,401
https://comptox.epa.gov/dashboard/chemical/details/DTXSID5020023,Acrolein,107-02-8,HGINCPLSRVDWNT-UHFFFAOYSA-N,Prop-2-enal,C=CC=O,"InChI=1S/C3H4O/c1-2-3-4/h2-3H,1H2",C3H4O,56.064,56.026215,306,2468,139,15,1,2/235,1.0,235
https://comptox.epa.gov/dashboard/chemical/details/DTXSID5021889,4-Methyl-2-pentanone,108-10-1,NTIZESTWPVYFNL-UHFFFAOYSA-N,4-Methylpentan-2-one,CC(C)CC(C)=O,"InChI=1S/C6H12O/c1-5(2)4-6(3)7/h5H,4H2,1-3H3",C6H12O,100.161,100.088815,377,98,242,4692,1,5/404,1.0,404
https://comptox.epa.gov/dashboard/chemical/details/DTXSID6024913,Decane,124-18-5,DIOQZVSQGTUSAI-UHFFFAOYSA-N,Decane,CCCCCCCCCC,"InChI=1S/C10H22/c1-3-5-7-9-10-8-6-4-2/h3-10H2,1-2H3",C10H22,142.286,142.172151,247,217,403,42,1,22/991,2.0,991
https://comptox.epa.gov/dashboard/chemical/details/DTXSID0024183,Methyl acrylate,96-33-3,BAPJBEWLBFYGME-UHFFFAOYSA-N,Methyl prop-2-enoate,COC(=O)C=C,"InChI=1S/C4H6O2/c1-3-4(5)6-2/h3H,1H2,2H3",C4H6O2,86.09,86.036779,240,125,145,5,1,1/402,0.0,402
https://comptox.epa.gov/dashboard/chemical/details/DTXSID1021328,Tetrahydrofuran,109-99-9,WYURNTSHIVDZCO-UHFFFAOYSA-N,Oxolane,C1CCOC1,InChI=1S/C4H8O/c1-2-4-5-3-1/h1-4H2,C4H8O,72.107,72.057515,280,936,843,702,1,8/406,2.0,406
https://comptox.epa.gov/dashboard/chemical/details/DTXSID6026824,1-Butanethiol,109-79-5,WQAQPCDUOCURKW-UHFFFAOYSA-N,Butane-1-thiol,CCCCS,"InChI=1S/C4H10S/c1-2-3-4-5/h5H,2-4H2,1H3",C4H10S,90.18,90.050321,184,32,117,1,1,4/235,2.0,235
https://comptox.epa.gov/dashboard/chemical/details/DTXSID3039242,Benzene,71-43-2,UHOVQNZJYSORNB-UHFFFAOYSA-N,Benzene,C1=CC=CC=C1,InChI=1S/C6H6/c1-2-4-6-5-3-1/h1-6H,C6H6,78.114,78.046950,386,8535,570,2988,1,1/235,0.0,235
https://comptox.epa.gov/dashboard/chemical/details/DTXSID4041608,Anisole,100-66-3,RDOXTESZEPMUJZ-UHFFFAOYSA-N,Anisole,COC1=CC=CC=C1,"InChI=1S/C7H8O/c1-8-7-5-3-2-4-6-7/h2-6H,1H3",C7H8O,108.14,108.057515,182,108,229,5,1, ,,
https://comptox.epa.gov/dashboard/chemical/details/DTXSID6042496,Trimethyltin chloride,1066-45-1,KWTSZCJMWHGPOS-UHFFFAOYSA-M,Chloro(trimethyl)stannane,C[Sn](C)(C)Cl,InChI=1S/3CH3.ClH.Sn/h3*1H3;1H;/q;;;;+1/p-1,C3H9ClSn,199.27,199.941480,88,62,80,1,1,6/12,50.0,12
https://comptox.epa.gov/dashboard/chemical/details/DTXSID2047690,2-Methylpropyl (2E)-but-2-enoate,73545-15-0,XDOWKOALJBOBBL-SNAWJCMRSA-N,2-Methylpropyl (2E)-but-2-enoate,C\C=C\C(=O)OCC(C)C,"InChI=1S/C8H14O2/c1-4-5-8(9)10-6-7(2)3/h4-5,7H,6H2,1-3H3/b5-4+",C8H14O2,142.198,142.099380,23,,52,,1, ,,
https://comptox.epa.gov/dashboard/chemical/details/DTXSID2021103,Pentachloroanisole,1825-21-4,BBABSCYTNHOKOG-UHFFFAOYSA-N,"1,2,3,4,5-Pentachloro-6-methoxybenzene",COC1=C(Cl)C(Cl)=C(Cl)C(Cl)=C1Cl,InChI=1S/C7H3Cl5O/c1-13-7-5(11)3(9)2(8)4(10)6(7)12/h1H3,C7H3Cl5O,280.35,277.862653,122,24,63,1,1,20/426,5.0,426
https://comptox.epa.gov/dashboard/chemical/details/DTXSID8025468,2-Methylbutane,78-78-4,QWTDNUCVQCZILF-UHFFFAOYSA-N,2-Methylbutane,CCC(C)C,"InChI=1S/C5H12/c1-4-5(2)3/h5H,4H2,1-3H3",C5H12,72.151,72.093900,220,29,158,223,1, ,,
https://comptox.epa.gov/dashboard/chemical/details/DTXSID2021319,Tetrachloroethylene,127-18-4,CYTYCFOTNPOANT-UHFFFAOYSA-N,Tetrachloroethene,ClC(Cl)=C(Cl)Cl,InChI=1S/C2Cl4/c3-1(4)2(5)6,C2Cl4,165.82,163.875411,372,1490,157,784,1,2/235,1.0,235
https://comptox.epa.gov/dashboard/chemical/details/DTXSID0047664,2-Isopropyl-4-methylthiazole,15679-13-7,OFLXNHNYPQPQKW-UHFFFAOYSA-N,"4-Methyl-2-(propan-2-yl)-1,3-thiazole",CC(C)C1=NC(C)=CS1,"InChI=1S/C7H11NS/c1-5(2)7-8-6(3)4-9-7/h4-5H,1-3H3",C7H11NS,141.23,141.061221,70,,100,,1, ,,
https://comptox.epa.gov/dashboard/chemical/details/DTXSID3021982,Butyl acetate,123-86-4,DKPFZGUDAPQIHT-UHFFFAOYSA-N,Butyl acetate,CCCCOC(C)=O,"InChI=1S/C6H12O2/c1-3-4-5-8-6(2)7/h3-5H2,1-2H3",C6H12O2,116.16,116.083730,345,120,263,8739,1,10/401,2.0,401
https://comptox.epa.gov/dashboard/chemical/details/DTXSID6040117,Ethyl formate,109-94-4,WBJINCZRORDGAQ-UHFFFAOYSA-N,Ethyl formate,CCOC=O,"InChI=1S/C3H6O2/c1-2-5-3-4/h3H,2H2,1H3",C3H6O2,74.079,74.036779,186,23,152,5,1,4/163,2.0,163
https://comptox.epa.gov/dashboard/chemical/details/DTXSID9021849,Tripropylamine,102-69-2,YFTHZRPMJXBUME-UHFFFAOYSA-N,"N,N-Dipropylpropan-1-amine",CCCN(CCC)CCC,"InChI=1S/C9H21N/c1-4-7-10(8-5-2)9-6-3/h4-9H2,1-3H3",C9H21N,143.274,143.167400,146,55,125,,1, ,,
https://comptox.epa.gov/dashboard/chemical/details/DTXSID8020250,Carbon tetrachloride,56-23-5,VZGDMQKNWNREIO-UHFFFAOYSA-N,Tetrachloromethane,ClC(Cl)(Cl)Cl,"InChI=1S/CCl4/c2-1(3,4)5",CCl4,153.81,151.875411,332,11059,114,233,1,1/235,0.0,235
https://comptox.epa.gov/dashboard/chemical/details/DTXSID4021927,2-Octanone,111-13-7,ZPVFWPFBNIEHGJ-UHFFFAOYSA-N,Octan-2-one,CCCCCCC(C)=O,"InChI=1S/C8H16O/c1-3-4-5-6-7-8(2)9/h3-7H2,1-2H3",C8H16O,128.215,128.120115,179,17,133,22,1, ,,
https://comptox.epa.gov/dashboard/chemical/details/DTXSID1021827,Cumene,98-82-8,RWGFKTVRMDUZSP-UHFFFAOYSA-N,(Propan-2-yl)benzene,CC(C)C1=CC=CC=C1,"InChI=1S/C9H12/c1-8(2)9-6-4-3-5-7-9/h3-8H,1-2H3",C9H12,120.195,120.093900,344,93,255,572,1,14/235,6.0,235
https://comptox.epa.gov/dashboard/chemical/details/DTXSID9041605,Pentyl mercaptan,110-66-7,ZRKMQKLGEQPLNS-UHFFFAOYSA-N,Pentane-1-thiol,CCCCCS,"InChI=1S/C5H12S/c1-2-3-4-5-6/h6H,2-5H2,1H3",C5H12S,104.21,104.065972,99,,86,1,1, ,,
https://comptox.epa.gov/dashboard/chemical/details/DTXSID8021513,Butyraldehyde,123-72-8,ZTQSAGDEMFDKMZ-UHFFFAOYSA-N,Butanal,CCCC=O,"InChI=1S/C4H8O/c1-2-3-4-5/h4H,2-3H2,1H3",C4H8O,72.107,72.057515,241,76,142,14,1,3/404,1.0,404
https://comptox.epa.gov/dashboard/chemical/details/DTXSID0047616,Methyl hexanoate,106-70-7,NUKZAGXMHTUAFE-UHFFFAOYSA-N,Methyl hexanoate,CCCCCC(=O)OC,"InChI=1S/C7H14O2/c1-3-4-5-6-7(8)9-2/h3-6H2,1-2H3",C7H14O2,130.187,130.099380,145,11,108,4,1, ,,
https://comptox.epa.gov/dashboard/chemical/details/DTXSID3020596,Ethylbenzene,100-41-4,YNQLUTRBYVCPMQ-UHFFFAOYSA-N,Ethylbenzene,CCC1=CC=CC=C1,"InChI=1S/C8H10/c1-2-8-6-4-3-5-7-8/h3-7H,2H2,1H3",C8H10,106.168,106.078250,420,686,241,5918,1,1/235,0.0,235
https://comptox.epa.gov/dashboard/chemical/details/DTXSID7041702,Butyric acid n-butyl ester,109-21-7,XUPYJHCZDLZNFP-UHFFFAOYSA-N,Butyl butanoate,CCCCOC(=O)CCC,"InChI=1S/C8H16O2/c1-3-5-7-10-8(9)6-4-2/h3-7H2,1-2H3",C8H16O2,144.214,144.115030,145,16,111,2,1, ,,
https://comptox.epa.gov/dashboard/chemical/details/DTXSID2021284,Styrene,100-42-5,PPBRXRYQALVLMV-UHFFFAOYSA-N,Ethenylbenzene,C=CC1=CC=CC=C1,"InChI=1S/C8H8/c1-2-8-6-4-3-5-7-8/h2-7H,1H2",C8H8,104.152,104.062600,417,1679,317,1422,1,1/235,0.0,235
https://comptox.epa.gov/dashboard/chemical/details/DTXSID9025661,alpha-Methylstyrene,98-83-9,XYLMUPLGERFSHI-UHFFFAOYSA-N,(Prop-1-en-2-yl)benzene,CC(=C)C1=CC=CC=C1,"InChI=1S/C9H10/c1-8(2)9-6-4-3-5-7-9/h3-7H,1H2,2H3",C9H10,118.179,118.078250,223,16,122,12,1,6/235,3.0,235
https://comptox.epa.gov/dashboard/chemical/details/DTXSID4020583,Ethyl acrylate,140-88-5,JIGUQPWFLRLWPJ-UHFFFAOYSA-N,Ethyl prop-2-enoate,CCOC(=O)C=C,"InChI=1S/C5H8O2/c1-3-5(6)7-4-2/h3H,1,4H2,2H3",C5H8O2,100.117,100.052429,291,112,164,119,1,0/235,0.0,235
https://comptox.epa.gov/dashboard/chemical/details/DTXSID4021925,"1,3,5-Trioxane",110-88-3,BGJSXRVXTHVRSN-UHFFFAOYSA-N,"1,3,5-Trioxane",C1OCOCO1,InChI=1S/C3H6O3/c1-4-2-6-3-5-1/h1-3H2,C3H6O3,90.078,90.031694,170,21,106,12,1,3/235,1.0,235
https://comptox.epa.gov/dashboard/chemical/details/DTXSID1022001,Ethyl acetate,141-78-6,XEKOWRVHYACXOJ-UHFFFAOYSA-N,Ethyl acetate,CCOC(C)=O,"InChI=1S/C4H8O2/c1-3-6-4(2)5/h3H2,1-2H3",C4H8O2,88.106,88.052429,389,1327,881,3541,1,14/406,3.0,406
https://comptox.epa.gov/dashboard/chemical/details/DTXSID8044337,Diquat-d4 dibromide,NOCAS_44337,ODPOAESBSUKMHD-KBJDMKPDSA-L,"(6,6,7,7-~2~H_4_)-6,7-Dihydrodipyrido[1,2-a:2',1'-c]pyrazine-5,8-diium dibromide",[Br-].[Br-].[2H]C1([2H])[N+]2=C(C=CC=C2)C2=[N+](C=CC=C2)C1([2H])[2H],"InChI=1S/C12H12N2.2BrH/c1-3-7-13-9-10-14-8-4-2-6-12(14)11(13)5-1;;/h1-8H,9-10H2;2*1H/q+2;;/p-2/i9D2,10D2;;",C12H8D4Br2N2,348.074,345.961831,15,,10,,1,46/475,10.0,475
https://comptox.epa.gov/dashboard/chemical/details/DTXSID9026398,Dimethyl sulfide,75-18-3,QMMFVYPAHWMCMS-UHFFFAOYSA-N,(Methylsulfanyl)methane,CSC,InChI=1S/C2H6S/c1-3-2/h1-2H3,C2H6S,62.13,62.019021,228,401,159,6,1, ,,
https://comptox.epa.gov/dashboard/chemical/details/DTXSID0021383,Trichloroethylene,79-01-6,XSTXAVWGXDQKEL-UHFFFAOYSA-N,"1,1,2-Trichloroethene",ClC=C(Cl)Cl,InChI=1S/C2HCl3/c3-1-2(4)5/h1H,C2HCl3,131.38,129.914383,360,4105,181,413,1,3/235,1.0,235
https://comptox.epa.gov/dashboard/chemical/details/DTXSID4025791,2-Nitrotoluene,88-72-2,PLAZTCDQAHEYBI-UHFFFAOYSA-N,1-Methyl-2-nitrobenzene,CC1=CC=CC=C1[N+]([O-])=O,"InChI=1S/C7H7NO2/c1-6-4-2-3-5-7(6)8(9)10/h2-5H,1H3",C7H7NO2,137.138,137.047678,239,55,137,3,1,7/842,1.0,842
https://comptox.epa.gov/dashboard/chemical/details/DTXSID8024814,4-Chlorotoluene,106-43-4,NPDACUSDTOMAMK-UHFFFAOYSA-N,1-Chloro-4-methylbenzene,CC1=CC=C(Cl)C=C1,"InChI=1S/C7H7Cl/c1-6-2-4-7(8)5-3-6/h2-5H,1H3",C7H7Cl,126.58,126.023628,208,13,134,12,1,6/860,1.0,860
https://comptox.epa.gov/dashboard/chemical/details/DTXSID5026837,Isobutyl acetate,110-19-0,GJRQTCIYDGXPES-UHFFFAOYSA-N,2-Methylpropyl acetate,CC(C)COC(C)=O,"InChI=1S/C6H12O2/c1-5(2)4-8-6(3)7/h5H,4H2,1-3H3",C6H12O2,116.16,116.083730,261,10,133,1662,1,1/235,0.0,235
https://comptox.epa.gov/dashboard/chemical/details/DTXSID5047401,Dipropyl trisulfide,6028-61-1,GAZXPZNJTZIGBO-UHFFFAOYSA-N,Dipropyltrisulfane,CCCSSSCCC,"InChI=1S/C6H14S3/c1-3-5-7-9-8-6-4-2/h3-6H2,1-2H3",C6H14S3,182.36,182.025764,69,5,74,,1, ,,
https://comptox.epa.gov/dashboard/chemical/details/DTXSID3021988,"1-Chloro-2-propanol, technical grade (~75% 1-chloro-2-propanol; ~25% 2-chloro-1-propanol)",NOCAS_21988,,,,,,, ,17,,,,2,0/235,0.0,235
https://comptox.epa.gov/dashboard/chemical/details/DTXSID7042273,"2,4-Diisopropylphenol",2934-05-6,KEUMBYCOWGLRBQ-UHFFFAOYSA-N,"2,4-Di(propan-2-yl)phenol",CC(C)C1=CC(C(C)C)=C(O)C=C1,"InChI=1S/C12H18O/c1-8(2)10-5-6-12(13)11(7-10)9(3)4/h5-9,13H,1-4H3",C12H18O,178.275,178.135765,65,,77,,1,83/461,18.0,461
https://comptox.epa.gov/dashboard/chemical/details/DTXSID1020439,"2,4-Dichlorophenol",120-83-2,HFZWRUODUSTPEG-UHFFFAOYSA-N,"2,4-Dichlorophenol",OC1=C(Cl)C=C(Cl)C=C1,"InChI=1S/C6H4Cl2O/c7-4-1-2-6(9)5(8)3-4/h1-3,9H",C6H4Cl2O,163.0,161.963920,295,429,163,19,1,36/886,4.0,886
https://comptox.epa.gov/dashboard/chemical/details/DTXSID5047669,S-Methyl thiobutyrate,2432-51-1,GRLJIIJNZJVMGP-UHFFFAOYSA-N,S-Methyl butanethioate,CCCC(=O)SC,"InChI=1S/C5H10OS/c1-3-4-5(6)7-2/h3-4H2,1-2H3",C5H10OS,118.19,118.045236,68,1,66,,1, ,,
https://comptox.epa.gov/dashboard/chemical/details/DTXSID1047653,Allyl hexanoate,123-68-2,RCSBILYQLVXLJG-UHFFFAOYSA-N,Prop-2-en-1-yl hexanoate,CCCCCC(=O)OCC=C,"InChI=1S/C9H16O2/c1-3-5-6-7-9(10)11-8-4-2/h4H,2-3,5-8H2,1H3",C9H16O2,156.225,156.115030,157,3,95,86,1, ,,
https://comptox.epa.gov/dashboard/chemical/details/DTXSID2021731,Methanol,67-56-1,OKKJLVBELUTLKV-UHFFFAOYSA-N,Methanol,CO,"InChI=1S/CH4O/c1-2/h2H,1H3",CH4O,32.042,32.026215,414,14436,972,5936,1,4/235,2.0,235
https://comptox.epa.gov/dashboard/chemical/details/DTXSID4025402,1-Hexene,592-41-6,LIKMAJRDDDTEIG-UHFFFAOYSA-N,Hex-1-ene,CCCCC=C,"InChI=1S/C6H12/c1-3-5-6-4-2/h3H,1,4-6H2,2H3",C6H12,84.162,84.093900,187,53,155,5,1,0/235,0.0,235
https://comptox.epa.gov/dashboard/chemical/details/DTXSID9025324,alpha-Fenchone,1195-79-5,LHXDLQBQYFFVNW-UHFFFAOYSA-N,"1,3,3-Trimethylbicyclo[2.2.1]heptan-2-one",CC1(C)C2CCC(C)(C2)C1=O,"InChI=1S/C10H16O/c1-9(2)7-4-5-10(3,6-7)8(9)11/h7H,4-6H2,1-3H3",C10H16O,152.237,152.120115,129,33,100,1,1,0/79,0.0,79
https://comptox.epa.gov/dashboard/chemical/details/DTXSID6020646,Furan,110-00-9,YLQBMQCUIZJEEH-UHFFFAOYSA-N,Furan,O1C=CC=C1,InChI=1S/C4H4O/c1-2-4-5-3-1/h1-4H,C4H4O,68.075,68.026215,230,919,280,2,1,0/235,0.0,235
https://comptox.epa.gov/dashboard/chemical/details/DTXSID5021384,Trichlorofluoromethane,75-69-4,CYRMSUTZVYGINF-UHFFFAOYSA-N,Trichloro(fluoro)methane,FC(Cl)(Cl)Cl,"InChI=1S/CCl3F/c2-1(3,4)5",CCl3F,137.36,135.904961,229,38,79,466,1,3/235,1.0,235